# P1-B 驱动电压清单,16,x,16,Vpi_L_mm,7.5,arm_um,1000.0,Vpi_volts,7.5,Vmax,7.5
kind,idx,col_c_or_rail,phi_rad,V
mzi,14,0,-3.141593,-7.5
mzi,13,0,-3.141593,-7.5
mzi,12,0,-3.141593,-7.5
mzi,11,0,-3.141593,-7.5
mzi,10,0,-3.141593,-7.5
mzi,9,0,-3.141593,-7.5
mzi,8,0,-3.141593,-7.5
mzi,7,0,-3.141593,-7.5
mzi,6,0,-3.141593,-7.5
mzi,5,0,-3.141593,-7.5
mzi,4,0,-3.141593,-7.5
mzi,3,0,-3.141593,-7.5
mzi,2,0,-3.141593,-7.5
mzi,1,0,-3.141593,-7.5
mzi,0,0,-3.141593,-7.5
mzi,14,1,-2.879036,-6.8732
mzi,13,1,-2.87787,-6.8704
mzi,12,1,-2.876176,-6.8664
mzi,11,1,-2.873886,-6.8609
mzi,10,1,-2.870905,-6.8538
mzi,9,1,-2.867104,-6.8447
mzi,8,1,-2.862308,-6.8333
mzi,7,1,-2.856284,-6.8189
mzi,6,1,-2.84873,-6.8008
mzi,5,1,-2.839257,-6.7782
mzi,4,1,-2.827393,-6.7499
mzi,3,1,-2.812613,-6.7146
mzi,2,1,-2.794473,-6.6713
mzi,1,1,-2.772921,-6.6199
mzi,14,2,-2.591038,-6.1856
mzi,13,2,-2.590162,-6.1836
mzi,12,2,-2.588876,-6.1805
mzi,11,2,-2.587034,-6.1761
mzi,10,2,-2.584416,-6.1698
mzi,9,2,-2.5807,-6.161
mzi,8,2,-2.575397,-6.1483
mzi,7,2,-2.567765,-6.1301
mzi,6,2,-2.556656,-6.1036
mzi,5,2,-2.540268,-6.0644
mzi,4,2,-2.515799,-6.006
mzi,3,2,-2.479161,-5.9186
mzi,2,2,-2.425802,-5.7912
mzi,14,3,-2.299162,-5.4888
mzi,13,3,-2.298336,-5.4869
mzi,12,3,-2.297148,-5.484
mzi,11,3,-2.29543,-5.4799
mzi,10,3,-2.292898,-5.4739
mzi,9,3,-2.289073,-5.4648
mzi,8,3,-2.283127,-5.4506
mzi,7,3,-2.273585,-5.4278
mzi,6,3,-2.257755,-5.39
mzi,5,3,-2.230554,-5.3251
mzi,4,3,-2.182346,-5.21
mzi,3,3,-2.096822,-5.0058
mzi,14,4,-2.005989,-4.7889
mzi,13,4,-2.00513,-4.7869
mzi,12,4,-2.003896,-4.7839
mzi,11,4,-2.002083,-4.7796
mzi,10,4,-1.999315,-4.773
mzi,9,4,-1.994883,-4.7624
mzi,8,4,-1.98738,-4.7445
mzi,7,4,-1.973889,-4.7123
mzi,6,4,-1.948041,-4.6506
mzi,5,4,-1.895221,-4.5245
mzi,4,4,-1.782622,-4.2557
mzi,14,5,-1.712204,-4.0876
mzi,13,5,-1.711257,-4.0853
mzi,12,5,-1.709875,-4.082
mzi,11,5,-1.70778,-4.077
mzi,10,5,-1.704418,-4.069
mzi,9,5,-1.698616,-4.0551
mzi,8,5,-1.687683,-4.029
mzi,7,5,-1.664971,-3.9748
mzi,6,5,-1.61262,-3.8498
mzi,5,5,-1.480287,-3.5339
mzi,14,6,-1.418058,-3.3854
mzi,13,6,-1.416962,-3.3827
mzi,12,6,-1.415312,-3.3788
mzi,11,6,-1.412686,-3.3725
mzi,10,6,-1.408152,-3.3617
mzi,9,6,-1.39944,-3.3409
mzi,8,6,-1.380332,-3.2953
mzi,7,6,-1.331655,-3.1791
mzi,6,6,-1.187424,-2.8348
mzi,14,7,-1.123651,-2.6825
mzi,13,7,-1.122321,-2.6793
mzi,12,7,-1.120218,-2.6743
mzi,11,7,-1.116616,-2.6657
mzi,10,7,-1.109682,-2.6492
mzi,9,7,-1.094008,-2.6118
mzi,8,7,-1.050768,-2.5085
mzi,7,7,-0.902116,-2.1536
mzi,14,8,-0.82901,-1.9791
mzi,13,8,-0.827305,-1.975
mzi,12,8,-0.824408,-1.9681
mzi,11,8,-0.818867,-1.9549
mzi,10,8,-0.806206,-1.9247
mzi,9,8,-0.76916,-1.8362
mzi,8,8,-0.622831,-1.4869
mzi,14,9,-0.534107,-1.2751
mzi,13,9,-0.531768,-1.2695
mzi,12,9,-0.527333,-1.2589
mzi,11,9,-0.51722,-1.2348
mzi,10,9,-0.486472,-1.1614
mzi,9,9,-0.348342,-0.8316
mzi,14,10,-0.238843,-0.5702
mzi,13,10,-0.235314,-0.5618
mzi,12,10,-0.227335,-0.5427
mzi,11,10,-0.2026,-0.4837
mzi,10,10,-0.077655,-0.1854
mzi,14,11,0.057032,0.1362
mzi,13,11,0.063205,0.1509
mzi,12,11,0.08241,0.1967
mzi,11,11,0.190051,0.4537
mzi,14,12,0.354205,0.8456
mzi,13,12,0.368424,0.8795
mzi,12,12,0.455468,1.0874
mzi,14,13,0.655256,1.5643
mzi,13,13,0.719191,1.7169
mzi,14,14,0.981748,2.3437
out,0,-,0.0,0.0
out,1,-,-0.0,-0.0
out,2,-,-0.0,-0.0
out,3,-,-0.0,-0.0
out,4,-,-0.0,-0.0
out,5,-,0.0,0.0
out,6,-,0.0,0.0
out,7,-,0.0,0.0
out,8,-,0.0,0.0
out,9,-,0.0,0.0
out,10,-,0.0,0.0
out,11,-,0.0,0.0
out,12,-,-0.0,-0.0
out,13,-,0.0,0.0
out,14,-,0.0,0.0
out,15,-,0.0,0.0
